uuid,datetime
09d84ab98d994102a9a32a384e0423f9,2021-07-16T17:26:07.551Z
09d84ab98d994102a9a32a384e0423f9,2021-07-16T17:26:30.874Z
9ff6b96ea24c4b96807f565bb6ba89b4,2021-07-16T17:26:30.876Z
f77728f4ec4145b9a3a59a42b4952050,2021-07-16T17:26:30.878Z
09d84ab98d994102a9a32a384e0423f9,2021-07-16T17:26:38.070Z
f77728f4ec4145b9a3a59a42b4952050,2021-07-16T17:26:38.077Z
9ff6b96ea24c4b96807f565bb6ba89b4,2021-07-16T17:26:38.074Z
09d84ab98d994102a9a32a384e0423f9,2021-07-16T17:26:44.335Z
9ff6b96ea24c4b96807f565bb6ba89b4,2021-07-16T17:26:44.337Z
f77728f4ec4145b9a3a59a42b4952050,2021-07-16T17:26:44.339Z
09d84ab98d994102a9a32a384e0423f9,2021-07-16T17:26:59.141Z
9ff6b96ea24c4b96807f565bb6ba89b4,2021-07-16T17:26:59.142Z
f77728f4ec4145b9a3a59a42b4952050,2021-07-16T17:26:59.145Z
09d84ab98d994102a9a32a384e0423f9,2021-07-16T17:27:47.709Z
09d84ab98d994102a9a32a384e0423f9,2021-07-16T18:04:56.311Z
09d84ab98d994102a9a32a384e0423f9,2021-07-16T18:05:23.497Z
9ff6b96ea24c4b96807f565bb6ba89b4,2021-07-16T18:05:23.500Z
f77728f4ec4145b9a3a59a42b4952050,2021-07-16T18:05:23.502Z
09d84ab98d994102a9a32a384e0423f9,2021-07-16T18:05:28.010Z
9ff6b96ea24c4b96807f565bb6ba89b4,2021-07-16T18:05:28.012Z
f77728f4ec4145b9a3a59a42b4952050,2021-07-16T18:05:28.014Z
09d84ab98d994102a9a32a384e0423f9,2021-07-16T18:05:33.731Z
f77728f4ec4145b9a3a59a42b4952050,2021-07-16T18:05:33.736Z
9ff6b96ea24c4b96807f565bb6ba89b4,2021-07-16T18:05:33.734Z
09d84ab98d994102a9a32a384e0423f9,2021-07-16T18:05:39.831Z
9ff6b96ea24c4b96807f565bb6ba89b4,2021-07-16T18:05:39.834Z
f77728f4ec4145b9a3a59a42b4952050,2021-07-16T18:05:39.840Z
09d84ab98d994102a9a32a384e0423f9,2021-07-16T18:06:06.953Z
